Segment,Number of Firms,Segment Share (%),Avg Pricing Tier,Primary Clients,Growth Outlook,Key Players
Boutique DEI Consultancy,20,25,Mid,"Corporate, Government, Nonprofits","Stable - competitive, differentiation critical","Anima Leadership, Feminuity, Tidal Equality, Turner Consulting"
Nonprofit DEI Organization,11,14,Low,"Community, Government, Corporate Partners",Stable - funding dependent,"CCDI, Catalyst, CRRF, Canadian Women's Foundation"
Membership / Professional Network,8,10,Low-Mid,"Employers, Professionals, HR Leaders",Growing - community demand strong,"CCDI, BPTN, Pride at Work, Ascend Canada"
Training Provider,7,9,Low-Mid,"Corporate, Government, Education",Moderate - commoditization pressure,"ICT Inc, Humphrey Group, Diversify Canada"
Big Four / Global Consulting,6,8,Premium,"Large Enterprise, Government",Growing - ESG and regulation driving demand,"Deloitte, KPMG, PwC, EY, McKinsey, Accenture"
HR Consulting Firm,6,8,Mid-Premium,"Government, Healthcare, Enterprise",Growing - HR transformation driven,"Mercer, Normandin Beaudry, Centric, Optimus SBR"
Executive Search / DEI,5,6,Premium,"Boards, C-Suite, Government Leaders",Growing - board diversity mandates,"Korn Ferry, Egon Zehnder, Boyden, KBRS, Odgers"
DEI Technology Platform,4,5,Mid,"HR Teams, Enterprise, SMEs","High Growth - scalable, venture-backed","Diversio, Mathison, CultureAlly, Hive Learning"
Health / Wellness DEI,3,4,Mid,"Employers, Healthcare Systems",Very High Growth - emerging category,"Dialogue, InkblotTherapy, Shift Health"
Speaker-Led Consultancy,3,4,Mid-Premium,"Corporate Events, Conferences",Stable - personality dependent,"Lee-Anne Goodman, Hamlin Grange, Ferdman"
Academic / Research Institute,3,4,Low-Mid,"Government, Researchers, Policymakers",Stable - grant dependent,"TMU Diversity Institute, Humber, IIM"
Social Enterprise / Community,2,3,Low,"Newcomers, Communities",Growing - social innovation support,"Newcomer Kitchen, ICC"
Government / Regulatory,1,1,Low (subsidized),"Government, Education, Community",Stable - mandate dependent,CRRF
